<?xml version="1.0" encoding="UTF-8"?>
<project-private xmlns="http://www.netbeans.org/ns/project-private/1">
    <editor-bookmarks xmlns="http://www.netbeans.org/ns/editor-bookmarks/2" lastBookmarkId="0"/>
    <open-files xmlns="http://www.netbeans.org/ns/projectui-open-files/2">
        <group>
            <file>file:/Users/tach/Desktop/CodoACodo/JAVA%20WEB/ProjectoJava/web/login.html</file>
            <file>file:/Users/tach/Desktop/CodoACodo/JAVA%20WEB/ProjectoJava/web/css/misEstilos.css</file>
            <file>file:/Users/tach/Desktop/CodoACodo/JAVA%20WEB/ProjectoJava/web/Consulta.jsp</file>
            <file>file:/Users/tach/Desktop/CodoACodo/JAVA%20WEB/ProjectoJava/web/index.html</file>
        </group>
    </open-files>
</project-private>
